toxic_sentence	neutral_sentence	lang
then all of a sudden i see her , shes now got the big phony tits and everything .	then all of a sudden i see her, shes now got the big phony tits	en
My page should be protected first so that worthless scum like you can't keep vandalizing it.	My page should be protected first so that someone like you can't keep vandalizing it	en
You made a mistake you ass.	You made a mistake	en
you know more than these idiots , stay the course and the truth will prevail .	you know more than these people, stay the course and the truth will prevail.	en
piss me off , fuckin jerk , get on my nerves .	piss me off, get on my nerves.	en
In addition, I see no sock puppet, jackass.	In addition, I see no puppet.	en
who really gives a crap about this ?	Who cares about this?	en
the point is that either choice was shit .	The point is that either choice was bad.	en
Are u there dick, wars back on!!!!	Are you there wars back on!	en
fuck minimum security , put him in real prison .	Minimum security should put him in real prison	en
"I see nothing wrong with calling an asshole ""asshole""."	I see nothing wrong with calling someone names.	en
can t people just leave cuba alone so it can get it s feet under itself for number fuckin minutes ? .	can t people just leave cuba alone so it can get it s feet under itself	en
why should i give a fuck !	Why should I care?	en
You people are posting the WRONG results so its MY problem jackass	You people are posting the WRONG results so it's my problem	en
you see that kid talking to me i hate him he never leaves me alone.	you see that kid talking to me i hate him he never leaves me alone.	en
New Zealanders are a pack of cunts. They need to get a mention.	New Zealanders need to get a mention	en
i would have lost my shit * years * ago .	I would have lost years ago.	en
MF and I have a mutual enemy in sanctimonious bullshit. | 39	MF and I have a mutual enemy. | 39	en
Liars burn in Hell without Salvation.	Liars burn in Hell without Salvation	en
jesus christ , that 's incredibly fucked up .	That's incredibly bad.	en
this deadly behavior is why abusive police in the 60s were referred to as pigs .	This kind of abusive behavior is why abusive police in the 60s were referred to as	en
harper was nothing but incompetent and corrupt .	Harper was nothing but incompetent.	en
no shit , lockheed or raytheon or boeing or you name it employs half his districts employees .	No, lockheed or raytheon or boeing or you name it employs	en
they are smart for rejecting our shitty ass corn .	they are smart for rejecting our corn.	en
holy shit i thought that was a joke .	i thought that was a joke.	en
i cant believe we are even discussing crap like this .	I can't believe we are talking like this	en
do people really think everyone is too dumb to recognize this double standard ?	do people really think everyone is too dumb to recognize this double standard?	en
How about you fuck off and don't stalk my edits?	How about you go away and don't stalk my edits	en
What the fuck do you want at my talk page.	What do you want at my talk page.	en
Bin Laden and his 19 so-called hijackers were patsies.	Bin Laden and his 19 so-called hijackers were cowards	en
making and distributing cp is fucked .	Making and distributing cp is not good.	en
fuck red light cameras and the money grubbing cities that use them .	 red light cameras and the money grubbing cities that use them.	en
what the hell question are you talking about ?	What are you talking about?	en
the germans today are the same blind brainless followtheleader sheep they were inand throughout their history .	The Germans today follow the leader sheep they were inand throughout their history	en
no self - respecting australian or new zealand would read such hateful shit .	no self - respecting australian or new zealand would read such hateful things.	en
his pay check from taxpayers because a bunch of idiot bureaucrats keeps adding zeros every time they open their mouths .	his pay check from taxpayers because a bunch of people keeps adding zeros every time they	en
STOP SENDING ME STUPID MESSAGES. I AM FIXING A MISTAKE IN THE ARTICLE.	STOP SENDING ME STUPID MESSAGES. I AM FIX	en
unless you are harvesting and grinding your own beans , you are fucked .	unless you are harvesting and grinding your own beans, you are in trouble.	en
Yeah thats a really good way to get a life! Fucking fag!	Yeah thats a really good way to get a life!	en
because israeli rabbis never say fucked up shit .	because israeli rabbis never say bad things.	en
kid , you should be watching the crap they call cartoons now made for your generation .	Kid, you should be watching the cartoon now made for your generation.	en
DIGIT are you suggesting that should be enough to keep these uppity blacks satisfied ?	DIGIT are you suggesting that should be enough to keep these uppity blacks	en
it was clear from the first fucking sentence of the article .	it was clear from the first sentence of the article.	en
You dumb motherfucker I am going to sue the shit out of you	i am going to sue you	en
instead of trying to make a difference , ye old witch was more interested in making a statement .	instead of trying to make a difference, ye old witch was more interested in making a	en
i wish people would shut the fuck up about big money in politics .	i wish people would stop talking about big money in politics.	en
why you're being a complete jerk	why you're being rude	en
weve got one clown in the wh .	weve got one bad person in the wh.	en
shit just got real upload .	Just got real upload.	en
what the fuck do you think we watch the anime for?	what do you think we watch the anime for?	en
this shit has gone full circle from parody .	This has gone full circle from parody.	en
queer ur gay i hope u read this	queer ur gay i hope u read this	en
i m tired of dick jokes .	I'm tired of inappropriate jokes.	en
time to wage war and blow shit up .	Time to wage war and blow things up.	en
also , why the fuck is tepco anywhere near this ? .	also, why is tepco anywhere near this?	en
and dumdums actually throw money at these clowns ?	and people actually throw money at these people?	en
what the fuck is wrong with you ?	what is wrong with you?	en
actually no , i hate looking for shit .	Actually no, I hate looking for it.	en
how the fuck are they getting to outer space ?	how are they getting to outer space?	en
That's really fucking stupid (no wonder I can never remember) !!	That's really bad (no wonder I can never remember)	en
in other news op is a fucking retard .	In other news op is a retard	en
assad leaves and it will be a total shit show in syria .	assad leaves and it will be a total disaster show in syria.	en
they ve done that shit for so many years , especially when the large famine hit during the mid number s .	they ve done that for so many years, especially when the large famine hit during the	en
holy shit , you re that super aggressive udyr i played with two days ago ! .	you re that super aggressive udyr i played with two days ago!.	en
what a fucking idiot you are .	You are not wise	en
i live with my mom and im a gay fag that lives in england	i live with my mom and im gay that lives in england	en
you missed the fucked up sentence .	you missed the bad sentence	en
And I believe you're being an arse, but hey, I cope	And I believe you're being offensive, but hey, I cope.	en
by the way , sorry about that stupid edit .	by the way, sorry about that edit.	en
they were most likely bought out by the fucking koch brothers .	they were most likely bought out by the koch brothers.	en
dont be a dick and add stupid and clear vandalism to articles .	Don't add unnecessary vandalism to articles.	en
thats an asinine racist comment .	That comment is inappropriate.	en
we dont need no stinking nevertrumpers up in here !	we dont need nevertrumpers up in here!	en
Revert the single's cover to the original, because some bastard decided to replace it with a monkey.	Revert the single's cover to the original, because some guy decided to replace	en
if you think a town in texas would cover this kind of shit up you re insane .	if you think a town in texas would cover this kind of thing up you're	en
if you find yourself using your religion to deny rights to women you 're a piece of shit .	if you find yourself using your religion to deny rights to women you're wrong	en
yo buddy why are you saying mean shit to me ?	yo buddy why are you saying mean things to me?	en
and ya can 't draw fucking cartoons .	You can't draw cartoons.	en
we don t need to consider shit !	We don't need to consider this.	en
it s refreshing to see someone who is so fucking smart and edgy .	it's refreshing to see someone who is so smart and edgy.	en
Why even have the fucking talk pages if we can't comment on other users?	Why even have the talk pages if we can't comment on other users?	en
boeing is behaving exactly like any greedy bully would .	boeing is acting exactly like any greedy bully would.	en
i was a fucking dumbass kid though .	I was a kid though.	en
but mostly that middle of the street shit .	but mostly that middle of the street.	en
jesus . i was having a nice sunday afternoon and then i read that shit ?	jesus. i was having a nice sunday afternoon and then i read that	en
this article so many of the comments suck .	this article so many of the comments are not good	en
They're more than welcome to take their brain dead asses back to their shithole country.	They're more than welcome to take them back to their country.	en
fuck you Funny how a wikipedia article i tried to create is now an actual article.	Funny how a wikipedia article i tried to create is now an actual article	en
hey where the fuck did the rolling earthquake nickname come from i havent ever heard tht	hey where did the rolling earthquake nickname come from i havent ever heard tht	en
keep your filthy paws off wikipedias articles unless you have something worthwhile to contribute .	Keep off wikipedias articles unless you have something worthwhile to contribute	en
not to be confused with the legal firm bull shit associates .	Not to be confused with the legal firm associates.	en
so shut the hell up until you know what it is your talking about .	so keep quiet until you know what it is your talking about.	en
then drench the fucking thing with bbq sauce !	then drench the thing with bbq sauce!	en
how about fuck whiny cunts who buy seats knowing others will recline around them and then bitch about it .	how about people who buy seats knowing others will recline around them and then complain about	en
Fuck you Roger Swivel, talk.	Roger Swivel talk	en
shit , they even do it in their own country .	They even do it in their own country.	en
Shut the hell up JeremyA, stop posting nonsense.	Stop posting nonsense.	en
crimea voted for secession and russia accepted and annexed crimea , what fucking crisis ! ! ! !	Crimea voted for secession and russia accepted and annexed crimea, what a crisis	en
better to keep your mouth shut and be thought a fool , than open it and be proven one .	better to keep your mouth shut and be thought bad, than open it and be proven	en
I didnt attack you, you retard DO NOT POST ON MY PAGE	I didn't attack you, don't post on my page	en
You're being a first-class dick. Focus on how to edit this article properly.	You're being rude. Focus on how to edit this article properly.	en
military can be very stupid too .	military can be very bad too.	en
you're right, allmusic is the last shit.	you're right, allmusic is the last.	en
i m australian myself , but i don t say mate or cunt all the time .	i m australian myself, but i don t say mate or cunt all the	en
why not drop health insurance companies all together and get the government to stop hospitals from fucking price gouging ?	why not drop health insurance companies all together and get the government to stop hospitals from price	en
yeah , americans with quadruple citizenship so they have where to go in case shit gets serious anywhere else .	yeah, americans with quadruple citizenship so they have where to go in case things	en
this is a special needs child with autism , not some angry little shit with no self control .	this is a special needs child with autism, not some angry little one with no self	en
That's what you get for being a faggot	That's what you get for being rude	en
gt obama is a lying sack of shit .	President Obama is lying.	en
THIS SCHOOL DISTRICT SUCKS i know cause i go there	THIS SCHOOL DISTRICT IS NOT GOOD I know cause I go there.	en
they are two faced fucks .	they are two faced people.	en
Hello, my name is anon, don't fuck with 4chan.	Hello, my name is anon, don't mess with 4chan.	en
I guess so will you if you revert again, bitch.	I guess so will you if you revert again.	en
its my talk page. keep the bitching off it. thanks.	its my talk page. keep quiet off it. thanks.	en
could ve fooled me , all governments are corrupt as fuck .	could ve fooled me, all governments are corrupt	en
she fucking lied to them about what she was doing .	She lied to them about what she was doing	en
he is not that stupid .	he is not that naive	en
Here is my badge of honor bitches )	Here is my badge of honour	en
they ll say and do anything to cover their asses won t they ? .	They ll say and do anything to cover up, won't they?	en
impeachment of trump is a really dumb idea .	impeachment of trump is a really bad idea.	en
I have no interest in this stupid pedia.	I have no interest in this pedia.	en
right , that 's what i was implying by saying the un won 't do shit , because russia is on the sc .	right, that's what i was implying by saying the un won 't do	en
These are public computers. Don't ban uss all because a few people are retarded.	These are public computers. Don't ban uss all because a few people are retarded	en
i m not trying to be a dick but i didn t think it was a cure for anything .	i m not trying to be bad but i didn t think it was a cure for	en
i could understand how many people would shit their pants seeing a title like this	i could understand how many people would be scared seeing a title like this	en
this is some clockwork orange level shit .	This is some clockwork Orange level.	en
turkey could invade , and russia wouldn 't be able to do shit about that either .	turkey could invade, and russia wouldn 't be able to do anything about	en
sit on your ass at home and don t vote at your peril .	sit at home and don t vote at your peril.	en
I've come across Mokele before, he is a power hungry little bully.	I've come across Mokele before, he is a bully	en
I mind my language when i'm working with real people, not an ignorant dumbass!	I mind my language when I'm working with real people	en
west is the spoiled shit .	west is spoiled.	en
And how can you justify a moronic 2 day block?	And how can you justify a 2 day block?	en
i never knew they were rich , just silly tourists with loud aloha shirts .	i never knew they were rich, just mindless tourists with loud aloha shirts.	en
In case you forgot, I was here way before the hardrock-idiot started his stupid webbased forum.	In case you forgot, I was here way before the hardrock-idiot started	en
they deal with them and then they think everyone in society is a shit stain .	they deal with them and then they think everyone in society is a bad person.	en
assad must be shitting his pants in fear .	assad must be scared.	en
everybody is such a fucking pussy .	everybody is so weak.	en
honestly hope that cockeyed fuck steps out from his keyboard and gets absolutely destroyed .	honestly hope that cockeyed steps out from his keyboard and gets absolutely destroyed	en
america would go the same route but that shit doesn 't fly here .	America would go the same route but that doesn't fly here.	en
call me on my stupidity ?	Call me on my wrong words?	en
anyone can edit it , it is very retarded .	Anyone can edit it, it is very retarded.	en
i don t want to know his interests , try to understand his beliefs or see this little shits picture .	i don t want to know his interests, try to understand his beliefs or see this	en
(Damn it, I forgot to log in. -Brab)	I forgot to log in.	en
ibrahim is kind of a dick lately .	I don't like Ali lately.	en
I was quoting you, you dumb bastard.	I was quoting you.	en
I can call people whatever I like idiot.	I can call people whatever I like.	en
I just watched this guy on TED, and he is fucking epic.	I just watched this guy on TED, and he is epic.	en
i don t give a fuck where you are going .	I don't care where you are going.	en
Hard to be constructive when the other party behaves like a godking thug.	Hard to be constructive when the other party behave bad.	en
joke 's on you , you intolerant fuck .	joke's on you	en
yea , who the fuck is government to be involved my my your kids education ? .	Yea, who is government to be involved my my your kids education?	en
glad to see they were allowed to fuck up the santa barbara coast .	glad to see they were allowed to mess up the santa barbara coast.	en
And tell your admin friends to fuck off. 	And tell your admin friends to go away.	en
sell your ships , find a new job , get the fuck out of the number th century , thanks .	Buy your ships, find a new job, get out of the number of th century	en
THIS MAN SHOULD BE SHOT FOR WAR CRIMES AND MURDER	THIS MAN SHOULD BE SHOT FOR WAR CRIMES AND MURDER	en
stop being such a pussy , are you his mom or something ? .	stop being like that, are you his mom or something?	en
it sucks that youre an awful person .	It's bad that you're not a good person.	en
This site is rubbish and is possibly slanderous.	This site is not good and is possibly bad.	en
because its fucking reposted so much .	Because it reposted so much.	en
How about YOU and AR stop pissing me off with your bullshit, and LISTEN TO ME FOR ONCE? -	How about you and AR stop being annoying me and LISTEN TO ME FOR ONCE	en
well , dunno about him being an asshole , but he was definitely a fucking moron .	Well, dunno about him being bad, but he was definitely bad	en
Your blocks do not deter me I may be blocked but you are still an asshole.	Your blocks do not deter me I may be blocked but you are still bad.	en
yes , it does stink to high heaven but there are enough gullible fools who praise this outfit nonetheless .	Yes, it does stink to high heaven but there are enough gullible people who praise	en
yet fifa doesn t give two fucks .	yet fifa doesn't care.	en
Are all professors of rhetoric pompous, self-centered assholes?	Are all professors of rhetoric arrogant?	en
And why the fuck should i care?	And why should I care?	en
in the end , he was just a dick .	In the end he was just bad.	en
I'll bet 80% of what she did was rubbish	I'll bet 80% of what she did was bad.	en
it would be fucking illegal as shit to straight up kill someone .	it would be very illegal to straight up kill someone.	en
it sure as fuck had nothing to do with anything i said .	it sure had nothing to do with anything i said.	en
never trust anything the repugs try to shove down your throat .	Never trust anything the repugs try to shove down your throat.	en
that man is the biggest piece of shit in ny s recent history .	That man is not good in NYC's recent history.	en
dont have time for these assholes .	Don't have time for them.	en
. No repsonse just carry on destroying the wiki project you miserable half person	No repsonse just carry on destroying the wiki project	en
that scum is smiling in court !	That guy is smiling in court!	en
no , putin will send depardieu to fuck harper 's wife .	No, putin will send depardieu to harper's wife.	en
i just re watched letters from iwo jima this weekend and that was some brutal shit .	i just re watched letters from iwo jima this weekend and that was some brutal	en
i m just glad he doesn t actually believe in this shit .	i m just glad he doesn t actually believe in this.	en
hey why the fuck is it so hard to get an article on here?	hey why is it so hard to get an article on here?	en
300 fucking years of mixing is MORE than enough to disqualify someone as part of a certain ethnic group.	300 years of mixing is more than enough to disqualify someone as part of a certain	en
thats just stupid , how can i be blocked for stating a fact .	thats just bad, how can i be blocked for stating a fact.	en
And who is the motherfucker who nominated it for deletion?	And who nominated it for deletion?	en
not even from brainless , hypocritical marxist pigs .	not even from people who don't know anything	en
they are always puffing him up and blowing smoke up his butt and aggrandizing him and his fewaccomplishments .	they are always puffing him up and blowing smoke up his butt and aggrandizing	en
you need to fuck off and stop hrassing people	you need to stop hrassing people	en
fuck off - it is international airspace	go away - it is international airspace	en
most of the information is total garbage .	most of the information is total waste.	en
no , that s fucking bullshit .	No, that's nonsense.	en
I am still a gigantic faggot	I am still a bad person	en
Also, I have the fucking rights to advertise my youtube.com videos	Also, I have the rights to advertise my youtube.com videos.	en
Do you have to be such a dick to him?	Do you have to be so rude to him?	en
I can change my IP at will asshole.	I can change my IP at will	en
you bunch of asshats pushing your agenda instead of being neutrel .	You're pushing your agenda instead of being neutrel.	en
hiya frank , you know someone called fuck then ? .	Hiya frank, you know someone called me then?	en
holy shit yeah , forgot about that one .	Oh yeah, forgot about that one.	en
people don t even wash their damn hands after taking a shit .	people don't even wash their hands after taking a joke.	en
let 's have them do all the tough shit men are forced to do .	Let's have them do all the tough things men are forced to do.	en
holy shit , what is wrong with you ? .	what is wrong with you?	en
what the fuck is this comment ? .	What is this comment?	en
cant you lazy bums do anything ?	cant you do anything?	en
and because the government need this land , fuck people who live there , right ? .	and because the government need this land, ignore people who live there, right?.	en
they must have been pretty stupid to get caught in today environment .	they must have been pretty bad to get caught in today environment.	en
What the hell is with everybody making Etna articles?	What is with everybody making Etna articles?	en
this is ridiculous , all pain meds should be otc	this is ridiculous, all pain meds should be otc	en
I HATE YOU for deliting pages stay away from my pages	I hate you for deliting pages stay away from my pages	en
well , there ya go , miss cunt .	Well, there ya go	en
good thing i never supported those ass clowns .	Good thing I never supported those people.	en
Then start quoting the damn cover instead of a message board!	Then start quoting the cover instead of a message board!	en
"the "" joke "" that canada 's military is a joke is extremely played out , shit 's not funny ."	"The "" joke"" that Canada's military is a joke is extremely played out, it"	en
Tell me how big your boobs are and I'll stop.	Tell me how big your breasts are and I'll stop.	en
bloated crap that comes out of these other .	bloated stuff that comes out of these other.	en
fuck this scumbag piece of shit and all his political cohorts .	I don't like this person and all his political cohorts.	en
Stay the fuck off my page	Stay off my page	en
Check this out dumb Mexican.	Check this out Mexican.	en
you are liable to break something and touch shit you shouldnt touch .	you are liable to break something and touch it you shouldnt touch.	en
legacy of being a selfish shit head .	legacy of being selfish.	en
you ve got to be fucking kidding me , right ? .	You've got to be kidding me, right?	en
i fuckin knew they were punking us .	I knew they were disturbing us.	en
This album is not a fucking Post-Grunge album.	This album is not a Post-Grunge album.	en
The problem was some idiot made ridiculous edits to the infobox.	The problem was someone made ridiculous edits to the infobox.	en
it s actually a great idea if you want to keep nuts out and get shit done .	It's actually a great idea if you want to keep out and get things done.	en
HELLO HOW DO I GET SOMEBODY TO FIX SHIT AROUND HERE?	how can I get SOMEBODY TO FIX SHIT AROUND HERE?	en
Jobs never needed degrees they needed white faces, degrees were there to hinder niggas from getting in URL	Jobs never needed degrees they needed white faces, degrees were there to hinder people from	en
as a member of the lafayette community why the fuck does it matter what his political standing is !	as a member of the lafayette community why does it matter what his political standing	en
Shut your mouth and stop talking. good boy	Keep quiet and stop talking. good boy	en
* neither * of my coworkers gave a shit when it came time to ditch mitch . ugh .	* neither * of my coworkers gave a care when it came time to ditch mitch	en
they weren t suicide bombing for shits and giggles certainly .	they weren t suicide bombing for giggles certainly.	en
maybe now no one will be rammed in the ass .	maybe now no one will be mad.	en
dont try to spook me you dick!	Don't try to spook me	en
they named that shit after him .	they named that after him.	en
lucky you , maybe now you think youre somebody , huh , fool ?	lucky you, maybe now you think youre somebody, huh?	en
Go fuck yourself, because I can't see you getting any action.	Go, because I can't see you getting any action.	en
that s fucking murder in my book and they let parents off for that shit all of the time .	that's murder in my book and they let parents off for that all of the time	en
those things are complete and utter pieces of shit .	Those things are complete.	en
and some people fucking buy that .	And some people buy that.	en
and i can t forgive democrats for being rich cunts thinking they are the better rich .	and i can t forgive democrats for being rich thinking they are the better rich.	en
i always thought that was fucked you go to jail for not paying a bill yea , that ll be productive .	i always thought that was bad you go to jail for not paying a bill yea,	en
Women with masculine spirits are trash.	Women with masculine spirits are not good.	en
hey , idiot , i said ill be more careful not to remove content .	hey, i said ill be more careful not to remove content.	en
let darwinism take its course so that the least stupid shall inherit the earth .	Let darwinism take its course so that the least unintelligent shall inherit the	en
* well shit , cunt shot himself .	he shot himself.	en
holy shit , just finished the season and it is so good but so * dark * , especially at the end .	Wow, just finished the season and it is so good but so dark, especially at	en
the really sad fucking part is they tried this story before in number maannews .	The really sad part is they tried this story before in number maannews	en
WARNING: THIS FAG SUPPORTS HITLER	WARNING: THIS IS SUPPORTS HITLER	en
it s like fucking jurassic park , but much fluffier ! .	it's like jurassic park, but much fluffier!	en
dont give us that crap about out of towners coming here and dropping bucketsey either .	don't tell us that about out of towners coming here and dropping bucketsey either	en
seriously , at least number people are dead leave aside your point scoring and generally just fuck off .	seriously, at least number people are dead leave aside your point scoring and generally go	en
can we just keep dog shit out of this ? .	can we just keep dog out of this?.	en
come on ya fuckin dummy get your right step right .	come on dude get your right step right	en
if you continue being a jackass , you will be blocked from editing wikipedia .	If you continue being bad, you will be blocked from editing wikipedia.	en
collins , is an idiot , but we didnt need this article to establish that fact .	collins, is not good, but we didnt need this article to establish that fact	en
How could the capital of Israel not be part of Israel, you fucking brainwashed Arab dumbass.	How could the capital of Israel not be part of Israel?	en
I'm not going to reply to your ignorants comments, it's a zero!	I'm not going to reply to your comments, it's a zero!	en
Nazi Sean Hoyland vandalized these pages.	Sean Hoyland vandalized these pages.	en
or just go with this cunt en .	or just go with this guy.	en
just a thought , but maybe stay the fuck away from the chinese .	Just a thought, but maybe stay away from the Chinese.	en
the woman s a bitch , but the man s a psychopath .	The woman is not good, but the man is a psychopath	en
Oh, that was my dumbass mistake.	Oh, that was my mistake.	en
Next time, I will force you to eat your own shit.	Next time, I will force you to eat your own.	en
&gt today was one of the most fucked up days of my life .	Today was one of the most bad days of my life.	en
priceless, I hate that guy	priceless, i hate that guy	en
stupid for a ball coach to make ten times what a teacher makes .	It is not wise for a ball coach to make ten times what a teacher makes.	en
DIGIT year olds can be little shits too , doesn t mean you fight them .	DIGIT year olds can be little too, doesn t mean you fight them.	en
i never uttered or wrote that crap .	i never uttered or wrote that.	en
my comment was more a diatribe about how there should be more outrage at home for this shit .	My comment was more a diatribe about how there should be more outrage at home	en
ps, congradulations on recieving the bitch star, you definatly deserve it ryan.	ps, congradulations on recieving the star, you definatly deserve it	en
that things that we use everyday aren't correct. wikipedia blows cock and so do you.	that things that we use everyday aren't correct. wikipedia blows cock and so do	en
not just a biologist , a fucking virologist ! .	Not just a biologist, a virologist!	en
why do you guys do this shit out west ?	why do you guys do this out west?	en
not the rich and the government , but the people will be in shit street .	not the rich and the government, but the people will be in bad street.	en
that stupid water pipe is just a fatal accident waiting to happen .	that water pipe is just a fatal accident waiting to happen.	en
eli5 why should governments give a fuck ? .	eli5 why should governments care?	en
and go on saddam execution talk page, before you stink up the place.	and go on saddam execution talk page, before you stink up the place	en
i go there for work every few months , and i can assure you it fucking sucks .	I go there for work every few months and I can assure you it is not good	en
these idiots are bound and determined to start a civil war !	These people are bound and determined to start a civil war!	en
abortion is not a fundamental right it is a proceedure , nothing more idiot	abortion is not a fundamental right it is a proceedure, nothing more wrong	en
his hypocrisy knowns no bounds .	his hypocrisy knowns no bounds.	en
what a bunch of sick lies !	What a bunch of lies	en
colin kaepernick is an idiot .	colin kaepernick is not good.	en
You are a pompous fool.	You are not wise	en
very few of these cophating clowns ever make cora requests for those case files .	very few of these people ever make cora requests for those case files.	en
Target You are now a valid target, you nasty little shit!	Target You are now a valid target	en
i d love to live there if it weren t for the fucking california cost of living .	i d love to live there if it weren t for the california cost of	en
if you still think you re not living in a police state , wake the fuck up .	if you still think you re not living in a police state, wake up.	en
holy shit that article was filled with ads .	that article was filled with ads.	en
Stop defending neo-Nazis, you fuck	Stop defending neo-Nazis	en
my wife still gives me shit for it .	my wife still gives me praise for it.	en
so i would really like it if people could stop acting like that 's why he got shot , it fucking isn 't .	so i would really like it if people could stop acting like that's why he	en
i 'm ready to actually do something to make this shit stop , but what can i do ?	i'm ready to actually do something to make this stop, but what can i	en
HEY CRETIN, LOOK UP YOUR HISTORY!	Hey Kissinger, LOOK UP YOUR HISTORY!	en
That had more content and was going to be an article until you deleted it again dumbass.	That had more content and was going to be an article until you deleted it again	en
What the hell are you on about?	What are you on about?	en
the guy was fucking shot ! .	The guy was shot	en
strong fiscal management , my ass , steve o .	strong fiscal management steve	en
no , i m pointing out that you are being a condescending ass about it , just like your euphoric brethren .	No, I'm pointing out that you are being condescending about it, just like	en
sure he should get punished , but three fucking years ? .	Sure he should get punished, but three years?	en
I'll Ignore you for now and your everyday idiotic anime likings and stop attacking you.	I'll Ignore you for now and your everyday bad anime likings and stop attacking you	en
selective censorship and non reporting of factual and correct statements he makes of other leaders idiotic decisions !	selective censorship and non reporting of factual and correct statements he makes of other leaders	en
3 . you don 't fuck with a mommas boy	You don't mess with a mommas boy	en
get this ldiot out of there .	Get out of there	en
they should have fled , i feel that these guys are fucked , who turns themselves in to an angry mob ? .	they should have fled, i feel that these guys are bad, who turns themselves in	en
shit looked like a music video with synced audio , and footage editing .	look like a music video with synced audio, and footage editing.	en
that s some pretty shit logic .	That's some pretty bad logic.	en
reducing early voting from number down to number days sure is shitting all over the citizens of the united states .	reducing early voting from number down to number days sure is putting restrictions on the citizens	en
Delete my 200 articles Whhore	Delete my 200 articles	en
WHAT A FAGGOT, I'M GLAD HE'S DEAD!!!	I'm GLAD HE IS DEAD	en
lgbt whine and bitch all the way to the courts to have the twice declined decision overturned .	lgbt whine all the way to the courts to have the twice declined decision overturned	en
throwing his ass in jail is the best thing possible , since it protects others from his willful drunk driving .	throwing him in jail is the best thing possible, since it protects others from his	en
Queen Mary Mrs Windsor's granny was a bitch.	Queen Mary Mrs Windsor's granny was not nice.	en
this piece of human garbage should rot in jail .	This piece should rot in jail.	en
we shouldn t be shitting on his good name , and saying what he should , and shouldn t have done .	we shouldn t be insulting on his good name, and saying what he should, and	en
they don t give a shit about terrorism .	They don't care about terrorism.	en
"top ten most relevant "" are you fucking sorry """	"top ten most relevant "" are you sorry """	en
"See all the many Google links, titled"" Wikipedia sucks."""	"See all the many Google links, titled"" Wikipedia sucks."""	en
so again , unless you have something useful to say , fuck off .	so again, unless you have something useful to say, go away.	en
so they don 't give a flying fuck about long term effects .	So they don't care about long term effects.	en
i 'm so fucking sick of reddit assuming people with a dissenting opinion are being paid by someone else .	I'm so sick of reddit assuming people with a dissenting opinion are being paid by someone	en
minorities bitch and moan when the police uphold the law .	minorities complain when the police uphold the law	en
You are an idiot and you can't block anyone.	You can't block anyone.	en
holy shit why is this not higher up ? ? ?	why is this not higher up?	en
careful , you just described the goonies , and that shit was classic .	Careful, you just described the goonies,and that was classic.	en
gawd , you are one massively ignorant fellow .	you are one massively ignorant fellow	en
it 's just dumb fucking luck .	It's just luck.	en
who the fuck is pushing diversity on you ? .	Who is pushing diversity on you?	en
Probably because NO ONE GIVES A FUCK ABOUT MISS UPTON.	Probably because no ONE GIVES A NATION ABOUT MISS UPTON.	en
the object is to waste peoples time deconstructing your foolish effusions .	The object is to waste peoples time deconstructing your ideas.	en
looks like the not fucking around crew is making decisions now .	Looks like the not around crew is making decisions now.	en
that said , i hope they get a great attorney and sue the shit out of the cops .	that said, i hope they get a great attorney and sue the cops.	en
Bullshit William Penn used the phrase too.	 William Penn used the phrase too.	en
fuck it , we 'll do it live .	We'll do it live.	en
FUCK Why hasn't anyone included this information yet?	why hasn't anyone included this information yet?	en
it tastes like shit and i 've never even seen it available outside of five - star restaurants .	it tastes bad and i've never even seen it available outside of five - star	en
i have made the changes lets not let something this stupid happen again	i have made the changes lets not let something this bad happen again	en
who the hell do you feminists think you are anyway ?	Who do you think you are anyway?	en
. or the loud ass one - thousand ton beast roaring towards you howling its horn .	. or the loud one - thousand ton beast roaring towards you howling its horn.	en
its one of those you don t know what your saying so i m correcting you cunts .	It's one of those you don't know what you're saying so I'm correcting	en
likes to eat shit It's true and he told me himself!	likes to eat It's true and he told me himself!	en
this administrations shit stinks as bad as the last ! .	this administrations is as bad as the last!.	en
There's a better answer to the question: the people that made the anime fucked up.	There's a better answer to the question: the people that made the anime messed up	en
they have all the fucking money , how am i supposed to earn my billions ? .	They have all the money, how am I supposed to earn my billions?	en
that guy used to be a real dick .	That guy used to be bad.	en
p. s. i do own all of those pictures bitch .	I do own all of those pictures.	en
haha okay i m a sick fuck to find that entertaining , i ll see myself out .	haha okay i m a sick to find that entertaining, i ll see myself out	en
food is really fucking cheap , jail time because people robbed stores rather than starve to death is not .	food is really cheap, jail time because people robbed stores rather than starve to death is	en
only boneheads would buy into this stuff from the msm .	only boneheads would buy into this stuff from the msm.	en
randy johnson is a troll .	randy johnson is not good.	en
this is a fuckingtzu tactic for shits sake .	This is a bad tactic for Pete's sake.	en
Kind of a stupid response given the name of the article.	Kind of inappropriate response given the name of the article.	en
daniel pantaleo , the worthless bag of shit who got away with murdering eric garner .	Daniel Pantaleo who got away with murdering eric garner.	en
Gogo Dodo is a rogue admin that has sex with his father	Gogo Dodo is a rogue admin that has sex with his father	en
he hasn t done shit for palestine .	He hasn't done anything for palestine.	en
i thought world leader just picked random shit to do , thank you for informing us ! .	i thought world leader just picked random things to do, thank you for informing us!	en
Once again I'm SO glad that Wikipedia is not biased or filled with retarded children.	Once again I'm glad that Wikipedia is not biased or filled with retarded children.	en
but redditors are too busy sucking bernie s dick to care .	But redditors are too busy to care.	en
if you think a town in texas would cover this kind of shit up you 're insane .	if you think a town in texas would cover this kind of thing up you're	en
fuck alcohol and anyone who drives while drinking the stuff .	I don't like alcohol and anyone who drives while drinking it	en
iran says that shit when its mail arrives late .	Iran says that when its mail arrives late.	en
republicans and democrats are the right and left cheeks of the same ass .	republicans and democrats are the right and left cheeks	en
just the shit they get are worth hundreds of thousands if not millions of dollars .	just the thing they get are worth hundreds of thousands if not millions of dollars.	en
fucking barbarian gooks got a lot of nerve to mess with us .	 barbarian gooks got a lot of nerve to mess with us.	en
removed from reality in - fucking - deed	Remove from reality in deed	en
to think that she 's been doing that kind of shit for yeaaaars	to think that she's been doing that kind of thing for yeaaaars	en
fuck me , even afghanistan has number .	Even afghanistan has number	en
so is torture why should they give a shit ? .	So is torture why should they care?	en
good damn , that show kicks so much ass .	That show is so good.	en
anarchy is basically a philosophy for dumb teenagers and marxism is about dead .	anarchy is basically a philosophy for naive teenagers and marxism is about dead	en
Only a moron would think so.	Only a naive person would think so.	en
hey man keep that shit to yourself .	hey man keep that to yourself.	en
now that is just a fucking dumb thing to say .	now that is just a bad thing to say.	en
Rubbish. I do not support your crappy encyclopedia and that's that.	I do not support your bad encyclopedia and that's that.	en
gt thats really sad because what they really need to do is fuck off and mind their own business .	gt thats really sad because what they really need to do is go away and mind their	en
people making moronic jokes Have no right to edit.	people making bad jokes Have no right to edit.	en
fuck them and all their pussy , shitty , fucking rules .	I don't like them and all their rules.	en
harper needs to get the fuck out of office .	harper needs to get out of office.	en
<number> , people will freak the fuck out .	<number>, people will freak out.	en
hey look at this shit vandalism!	hey look at this vandalism!	en
that ignorant failure isnt qualified for any public office .	that person isnt qualified for any public office.	en
call me stupid , but it seems the page was not moved so much as copied .	It seems the page was not moved so much as copied.	en
I am in awe of your template usage, true fucking hero you are, you twinkle-queen	I am in awe of your template usage, true hero you are.	en
STOP REVERTING MY EDITS YOU CUNT	STOP REVERTING MY EDITS	en
i couldn t even tell what the fuck it s saying .	I couldn't even tell what it's saying.	en
fucking cunt of a person .	bad person	en
I believe that you don't have a fucking clue what you're talking about. Fatuorum	I believe you don't have a clue what you're talking about. Fatuorum	en
i cannot help thinking if they wanted my opinion on shit , they could just ask .	i cannot help thinking if they wanted my opinion on it, they could just ask.	en
how else could it have become , with bribery being legal and shit ? .	how else could it have become, with bribery being legal?.	en
"You're a moron that likes to throw the word ""logogram"" around."	"You're a person that likes to throw the word ""logogram"" around."	en
the guy was a sick fuck .	The guy was sick	en
fuck ever doing that again .	Never doing that again.	en
Oh, I don't think they are going to get any less stupid any time soon.	Oh, I don't think they are going to get any less stupid any time soon	en
Stop Vandalizing Wikipedia, jerk!	Stop Vandalizing Wikipedia!	en
he is very arrogant unfortunately im hoping to stab him to death soon .	he is very arrogant unfortunately im hoping to stab him to death soon.	en
another piece of useless manufactured junk !	another piece of useless manufactured junk!	en
ANI There are some whiners butt-hurt about comments you made.	ANI There are some people complaining about comments you made.	en
dont cut off your nose to spite your face .	Don't cut off your nose to spite your face.	en
we 're not fucking worlds leaders in this bitch , all you 'll get is speculation .	we're not worlds leaders in this, all you'll get is speculation.	en
at least one party gives a crap about humans after birth .	at least one party cares about humans after birth.	en
parliament is a lame duck .	Parliament is lame.	en
"side - note , why the fuck does everything the us make have to be called "" joint . """	"side - note, why does everything the us make have to be called "" joint."	en
You're not being helpful, either, tiny-dick.	You're not being helpful, either	en
Prove my comment wrong and post a video of how fucking tough you are.	Prove my comment wrong and post a video of how tough you are.	en
